#,Link,Date,Firm,Headline
1,https://www.businesswire.com/news/home/20230214005202/en/Coalition-Active-Cyber-Insurance-Now-Available-to-Large-Enterprise-Businesses-with-Revenue-up-to-5-Billion,"14 Feb, 2023","Coalition, Inc.",Coalition Active Cyber Insurance Now Available to Large Enterprise Businesses with Revenue up to $5 Billion
2,https://www.techtarget.com/searchsecurity/news/366537465/Coalition-Employee-actions-are-driving-cyber-insurance-claims,16 May 2023,"Coalition, Inc.",Employee actions are driving cyber insurance claims
3,https://techcrunch.com/2022/07/08/coalition-insurance-cyber/,8 July 2022,"Coalition, Inc.",Cyber insurance startup Coalition plots global expansion as valuation hits $5B
4,https://www.businesswire.com/news/home/20230130005714/en/Coalition-Launches-Coalition-Insurance-Company,30 January 2023,"Coalition, Inc.",Coalition Launches Coalition Insurance Company
5,https://www.prnewswire.com/news-releases/coalition-completes-acquisition-of-insurance-carrier-with-licenses-in-all-50-states-301605491.html,"Apr 12, 2023","Coalition, Inc.",Coalition Completes Acquisition of Insurance Carrier With Licenses In All 50 States
6,https://www.prnewswire.com/news-releases/coalition-welcomes-vantage-to-provide-capacity-for-its-cyber-insurance-programs-301533847.html,"Jan 31, 2023","Coalition, Inc.",Coalition welcomes Vantage to provide capacity for its cyber insurance programs
7,https://www.prnewswire.com/news-releases/coalition-and-bdt-capital-partners-announce-the-launch-of-ferian-re-301648173.html,"January 31, 2023","Coalition, Inc.",Coalition and BDT Capital Partners Announce the Launch of Ferian Re
8,https://www.prnewswire.com/news-releases/coalition-introduces-new-apis-to-power-executive-risks-insurance-301671297.html,"January 30, 2023","Coalition, Inc.",Coalition Introduces New APIs to Power Executive Risks Insurance
9,https://www.prnewswire.com/news-releases/ascot-backs-coalition-with-long-term-capacity-across-cyber-insurance-programs-301518700.html,"January 30, 2023","Coalition, Inc.",Ascot backs Coalition with long-term capacity across cyber insurance programs
10,https://www.prnewswire.com/news-releases/coalition-launches-tech-powered-executive-risks-products-with-personalized-risk-assessment-for-all-us-small-businesses-301472214.html,"08 Nov, 2022","Coalition, Inc.",Coalition launches tech-powered executive risks products with personalized risk assessment for all US small businesses
11,https://www.prnewswire.com/news-releases/coalition-launches-captive-to-accelerate-its-growth-in-cyber-insurance-301442749.html,"13 Oct, 2022","Coalition, Inc.",Coalition Launches Captive to Accelerate its Growth in Cyber Insurance
12,https://www.prnewswire.com/news-releases/coalition-launches-new-tech-powered-executive-risks-products-for-small-businesses-301418162.html,"16 Aug, 2022","Coalition, Inc.",Coalition Launches New Tech Powered Executive Risks Products for Small Businesses
13,https://www.prnewswire.com/news-releases/coalition-has-teamed-up-with-quickbooks-to-offer-leading-cyber-insurance-coverage-to-small-businesses-301309674.html,"15 Aug, 2022","Coalition, Inc.",Coalition has teamed up with QuickBooks to Offer Leading Cyber Insurance Coverage to Small Businesses
14,https://www.prnewswire.com/news-releases/leading-cyber-insurance-provider-coalition-launches-free-risk-management-platform-to-help-organizations-combat-ransomware-and-cyber-risk-301293410.html,"Aug 09, 2022","Coalition, Inc.","Leading Cyber Insurance Provider, Coalition, Launches Free Risk Management Platform to Help Organizations Combat Ransomware and Cyber Risk"
15,https://www.prnewswire.com/news-releases/coalition-raises-175m-to-build-the-future-of-commercial-insurance-301248986.html,"July 8, 2022","Coalition, Inc.",Coalition Raises $175M to Build the Future of Commercial Insurance
16,https://www.prnewswire.com/news-releases/swiss-re-corporate-solutions-and-coalition-extend-strategic-agreement-301245160.html,"27 Apr, 2022","Coalition, Inc.",Swiss Re Corporate Solutions and Coalition Extend Strategic Agreement
17,https://www.prnewswire.com/news-releases/coalition-launches-market-leading-admitted-cyber-insurance-offering-in-florida-301113044.html,"06 Apr, 2022","Coalition, Inc.",Coalition Launches Market Leading Admitted Cyber Insurance Offering in Florida
18,https://www.prnewswire.com/news-releases/coalition-enters-excess-cyber-insurance-market-301097844.html,"01 Feb, 2022","Coalition, Inc.",Coalition Enters Excess Cyber Insurance Market
19,https://www.prnewswire.com/news-releases/coalition-launches-disruptive-cyber-insurance--security-offering-in-canada-301059043.html,"13 Dec, 2021","Coalition, Inc.",Coalition Launches Disruptive Cyber Insurance & Security Offering In Canada
20,https://www.prnewswire.com/news-releases/coalition-named-to-the-2018-cb-insights-fintech-250-list-of-fastest-growing-fintech-startups-300738163.html,"08 Nov, 2021","Coalition, Inc.",Coalition Named to the 2018 CB Insights Fintech 250 List of Fastest-Growing Fintech Startups
21,https://www.prnewswire.com/news-releases/coalition-introduces-new-coverage-for-cryptomining-and-fraudulent-use-of-business-services-300700704.html,"10 Jun, 2021","Coalition, Inc.",Coalition Introduces New Coverage For Cryptomining And Fraudulent Use Of Business Services
22,https://www.prnewswire.com/news-releases/big-i-markets-partners-with-coalition-to-offer-cyber-and-technology-eo-coverage-300664755.html,"18 May, 2021","Coalition, Inc.","Big ""I"" Markets Partners with Coalition to Offer Cyber and Technology E&O Coverage"
23,https://www.prnewswire.com/news-releases/coalition-announces-cyber-insurance-for-smart-buildings-comprehensive-coverage-for-real-estate-developers-and-property-managers-300657090.html,"17 Mar, 2021","Coalition, Inc.",Coalition Announces Cyber Insurance for Smart Buildings: Comprehensive Coverage for Real Estate Developers and Property Managers
24,https://www.prnewswire.com/news-releases/hackerone-joins-forces-with-coalition-to-bring-hacker-powered-security-to-cyber-insurance-policyholders-300597684.html,"17 Mar, 2021","Coalition, Inc.",HackerOne Joins Forces with Coalition to Bring Hacker-Powered Security to Cyber Insurance Policyholders
28,https://www.insurancebusinessmag.com/us/news/cyber/coalition-launches-new-insurance-carrier-business-434544.aspx,"11 Mar, 2021","Coalition, Inc.",Coalition launches new insurance carrier business
29,https://www.insurancebusinessmag.com/us/news/technology/coalition-launches-new-ai-initiative-442434.aspx,"17 Aug, 2020","Coalition, Inc.",Coalition launches new AI initiative
30,https://www.insurancebusinessmag.com/us/news/cyber/coalition-swoops-for-pandc-firm-416977.aspx,"22 Jul, 2020","Coalition, Inc.",Coalition swoops for P&C firm
31,https://www.insurancebusinessmag.com/us/news/cyber/coalition-announces-three-key-appointments-416165.aspx,"14 May, 2020","Coalition, Inc.",Coalition announces three key appointments
32,https://www.coalitioninc.com/announcements/coalition-releases-security-vulnerability-exploit-scoring-system,"25 Oct, 2018","Coalition, Inc.",Coalition Releases Security Vulnerability Exploit Scoring System
33,https://finance.yahoo.com/news/coalition-launches-coalition-insurance-company-212600925.html?guccounter=1&guce_referrer=aHR0cHM6Ly93d3cuZ29vZ2xlLmNvbS8&guce_referrer_sig=AQAAANb0dUqwzx2B04JYTajNIsiQ5flkEfyqs5MPkIVVZWARUOGXL3qXBmI74B3oy5wdagJmlZf_LGblcSyy7rn1Wg5OAdpprHPgykzSWCQRVZP8ciiUqQuUCbQQTkPtWrg1MTSE2RCQhEAMrX6yPjJY97CC4GuEAdvrGyeNZvof_hhf,"22 Aug, 2018","Coalition, Inc.",Coalition Launches Coalition Insurance Company
34,https://www.bloomberg.com/press-releases/2023-06-15/coalition-releases-security-vulnerability-exploit-scoring-system,"12 Jun, 2018","Coalition, Inc.",Coalition Releases Security Vulnerability Exploit Scoring System
35,https://www.dailyhostnews.com/am-best-assigns-credit-ratings-to-coalition-insurance-company,"31 May, 2018","Coalition, Inc.",AM Best Assigns Credit Ratings to Coalition Insurance Company
36,https://www.newswire.ca/news-releases/coalition-raises-175m-to-build-the-future-of-commercial-insurance-860192830.html,"13 Feb, 2018","Coalition, Inc.",Coalition Raises $175M to Build the Future of Commercial Insurance
,,,,
37,https://www.enveloprisk.com/news/jonathan-spry-global-reinsurance-roundtable/,"10 Sep, 2019",Envelop,Envelop CEO Jonathan Spry takes part in Global Reinsurance Roundtable in Monte Carlo debating how technology will shape the Market by 2030
38,https://www.theinsurer.com/reinsurancemonth/envelop-risk-launches-partnership-initiative-to-aid-cyber-market-growth/,"13 Sep, 2023",Envelop,Envelop Risk launches partnership initiative to aid cyber market growth
39,https://www.insurancejournal.com/news/international/2023/09/11/739763.htm,"11 Sep, 2023",Envelop,Markets/Coverages: Reinsurance MGA Envelop Risk Launches Program to Aid Cedents’ Entry Into Cyber
40,https://www.intelligentinsurer.com/news/envelop-risk-launches-new-cyber-risk-initiative-for-cedents-33600,"14 Sep, 2023",Envelop,Envelop Risk launches new cyber risk initiative for cedents
41,https://www.reinsurancene.ws/envelop-risk-launches-cyber-partnership-platforms/,"12 Sep, 2023",Envelop,Envelop Risk launches Cyber Partnership Platforms
42,https://coverager.com/envelop-risk-launches-cyber-partnership-platforms/,"14 Sep, 2023",Envelop,Envelop Risk launches Cyber Partnership Platforms
43,https://coverager.com/envelop-risk-raises-130-million/,"17 Sep, 2021",Envelop,Envelop Risk raises $130 million
44,https://coverager.com/cyber-insurance-firm-envelop-risk-announces-series-a/,"15May, 2020",Envelop,Cyber insurance firm Envelop Risk announces Series A
45,https://www.prnewswire.com/news-releases/radius-oral-care-company-celebrates-40th-anniversary-301783991.html,"29March, 2023",Radius,RADIUS Oral Care Company Celebrates 40th Anniversary
46,https://www.prnewswire.com/news-releases/radius-announces-triple-digit-growth-in-revenue--agent-transactions-in-2022-amid-real-estate-industry-layoffs-and-market-slowdown-301723981.html,"18January, 2023",Radius,"Radius Announces Triple-Digit Growth in Revenue & Agent Transactions in 2022, Amid Real Estate Industry Layoffs and Market Slowdown"
47,https://www.prnewswire.com/news-releases/radius-announces-wellness-partnership-with-stride-301652699.html,"19October, 2022",Radius,Radius Announces Wellness Partnership with Stride
48,https://www.prnewswire.com/news-releases/real-estate-tech-brokerage-radius-launches-in-house-mortgage-brokerage-in-california-301599506.html,"4August, 2022",Radius,Real Estate Tech Brokerage Radius Launches In-House Mortgage Brokerage in California
49,https://www.prnewswire.com/news-releases/real-estate-tech-brokerage-radius-launches-texas-operations-veteran-houston-agents-sharon-seline-wright-and-kelly-mcquerry-henderson-join-as-founding-members-301563218.html,"7June, 2022",Radius,Real Estate Tech Brokerage Radius Launches Texas Operations; Veteran Houston Agents Sharon Seline Wright and Kelly McQuerry Henderson Join as Founding Members
50,https://www.prnewswire.com/news-releases/radius-launches-data-for-good-to-give-back-to-customers--community-for-philanthropic-use-of-data-300778185.html,"15January, 2019",Radius,Radius Launches 'Data for Good' To Give Back To Customers & Community For Philanthropic Use Of Data
51,https://www.prnewswire.com/news-releases/radius-unveils-largest-global-b2b-data-ecosystem-with-new-data-relationship-300732612.html,"17October, 2018",Radius,Radius Unveils Largest Global B2B Data Ecosystem with New Data Relationship
52,https://www.prnewswire.com/news-releases/radius--leadspace-join-forces-to-lead-50-billion-data-intelligence-market-300638954.html,"30April, 2018",Radius,Radius & Leadspace Join Forces To Lead $50 Billion Data Intelligence Market
53,https://www.prnewswire.com/news-releases/radius-launches-data-intelligence-solutions-to-accelerate-sales-performance-300599282.html,"15February, 2018",Radius,Radius Launches Data Intelligence Solutions to Accelerate Sales Performance
54,https://www.prnewswire.com/news-releases/radius-and-liveramp-exclusive-partnership-introduces-a-new-era-for-b2b-digital-advertising-300548195.html,"2November, 2017",Radius,Radius and LiveRamp Exclusive Partnership Introduces a New Era for B2B Digital Advertising
55,https://www.prnewswire.com/news-releases/radius-announces-call-for-speakers-for-b2b-lounge-at-dreamforce-2017-300498148.html,"2August, 2017",Radius,Radius Announces Call for Speakers for B2B Lounge at Dreamforce 2017
56,https://www.prnewswire.com/news-releases/radius-delivers-omnichannel-marketing-to-b2b-organizations-with-new-integrations-300453816.html,"9May, 2017",Radius,Radius Delivers Omnichannel Marketing to B2B Organizations with New Integrations
57,https://www.prnewswire.com/news-releases/radius-announces-the-era-of-paying-for-b2b-data-is-over-300430112.html,"28March, 2017",Radius,Radius Announces The Era of Paying for B2B Data is Over
58,https://www.prnewswire.com/news-releases/radius-data-stewardship-removes-obstacles-between-data-and-revenue-300395293.html,"24January, 2017",Radius,Radius Data Stewardship Removes Obstacles Between Data and Revenue
59,https://www.prnewswire.com/news-releases/radius-reports-a-breakthrough-in-b2b-data-quality-and-intelligence-with-customer-network-effects-300335376.html,"28September, 2016",Radius,Radius Reports a Breakthrough in B2B Data Quality and Intelligence with Customer Network Effects
60,https://www.prnewswire.com/news-releases/radius-launches-first-ever-solution-to-advance-co-marketing-for-b2b-marketers-300334647.html,"27September, 2016",Radius,Radius Launches First-Ever Solution to Advance Co-Marketing for B2B Marketers
61,https://www.prnewswire.com/news-releases/radius-an-oracle-marketing-appcloud-partner-announces-combined-solution-with-oracle-marketing-cloud-to-help-marketers-identify-and-act-on-prospects-most-likely-to-convert-300329862.html,"19September, 2016",Radius,"Radius, an Oracle Marketing AppCloud Partner, Announces Combined Solution with Oracle Marketing Cloud to Help Marketers Identify and Act on Prospects Most Likely to Convert"
62,https://www.prnewswire.com/news-releases/radius-names-mark-woollen-as-chief-product-officer-300285938.html,"16June, 2016",Radius,Radius Names Mark Woollen as Chief Product Officer
63,https://www.prnewswire.com/news-releases/radius-extends-commitment-to-security-and-transparency-with-third-party-certification-and-cloud-security-registry-300282182.html,"9June, 2016",Radius,Radius Extends Commitment to Security and Transparency with Third Party Certification and Cloud Security Registry
64,https://www.prnewswire.com/news-releases/radius-brings-industry-leading-predictive-marketing-platform-to-enterprise-marketers-300271417.html,"19May, 2016",Radius,Radius Brings Industry-Leading Predictive Marketing Platform to Enterprise Marketers
65,https://www.prnewswire.com/news-releases/radius-announces-new-marketo-integration-and-predictive-scoring-capabilities-allowing-b2b-marketers-to-take-action-on-leads-in-real-time-300264663.html,"9May, 2016",Radius,Radius Announces New Marketo Integration and Predictive Scoring Capabilities Allowing B2B Marketers to Take Action on Leads in Real-Time
66,https://www.prnewswire.com/news-releases/gartner-names-radius-a-2016-cool-vendor-for-data-driven-marketing-300251145.html,"13April, 2016",Radius,"Gartner Names Radius a 2016 ""Cool Vendor"" for Data-Driven Marketing"
67,https://www.prnewswire.com/news-releases/radius-ceo-and-co-founder-darian-shirazi-to-deliver-keynote-presentation-at-the-street-fight-local-data-summit-247053901.html,"25February, 2014",Radius,Radius CEO and Co-Founder Darian Shirazi to Deliver Keynote Presentation at The Street Fight Local Data Summit
68,https://www.prnewswire.com/news-releases/radius-raises-13-million-led-by-formation8-partners-239456341.html,"9January, 2014",Radius,Radius Raises $13 Million Led By Formation8 Partners
69,https://www.prnewswire.com/news-releases/radius-announces-124m-round-of-series-b-funding-188053751.html,"23January, 2013",Radius,Radius Announces $12.4m Round Of Series B Funding
70,https://www.prnewswire.com/news-releases/radius-closes-2765-million-second-tranche-of-previously-announced-financing-134388603.html,"23November, 2011",Radius,Radius Closes $27.65 Million Second Tranche of Previously Announced Financing
71,https://www.prnewswire.com/news-releases/radius-3m-drug-delivery-systems-sign-development-agreement-for-transdermal-delivery-of-ba058-for-treatment-of-osteoporosis-122492498.html,"24May, 2011",Radius,"Radius, 3M Drug Delivery Systems Sign Development Agreement for Transdermal Delivery of BA058 for Treatment of Osteoporosis"
72,https://www.prnewswire.com/news-releases/radius-announces-closing-of-91-million-financing-to-advance-ba058-injection-into-phase-3-osteoporosis-study-122492403.html,"24May, 2011",Radius,Radius Announces Closing of $91 Million Financing to Advance BA058 Injection into Phase 3 Osteoporosis Study
73,https://www.prnewswire.com/news-releases/radius-presents-positive-phase-2a-study-results-establishing-clinical-proof-of-concept-for-rad1901-in-reducing-menopausal-hot-flashes-96726104.html,"19June, 2010",Radius,Radius Presents Positive Phase 2a Study Results Establishing Clinical Proof of Concept for RAD1901 in Reducing Menopausal Hot Flashes
74,https://www.fleetnews.co.uk/news/latest-fleet-news/2019/11/05/radius-acquires-the-burley-group,"5November, 2019",Radius,Radius acquires The Burley Group
75,insurancetimes.co.uk/news/radius-insurance-solutions-buys-wheels-based-broker/1439181.article,"13October, 2021",Radius,Radius Insurance Solutions buys wheels-based broker
76,https://www.radius.com/news/,"22August, 2023",Radius,Radius Belgium reaches 200k fuel cards
77,https://www.radius.com/radius-announces-the-acquisition-of-keystone-insurance/,"1April, 2022",Radius,Radius announces the acquisition of Keystone Insurance
78,https://www.thebusinessdesk.com/northwest/news/2087093-radius-insurance-solutions-swoops-for-yorkshire-firm,"13October, 2021",Radius,Radius Insurance Solutions swoops for Yorkshire firm
79,https://www.prnewswire.com/news-releases/boxx-insurance-expands-its-cyber-digital-wellness-employee-benefit-to-usa-301920444.html,"7September, 2023",Boxx Insurance,"BOXX Insurance expands its cyber ""Digital Wellness Employee Benefit"" to USA"
80,https://www.prnewswire.com/news-releases/boxx-insurance-launches-personal-cyber-insurance-on-its-usa-platform-301826710.html,"17May, 2023",Boxx Insurance,BOXX Insurance Launches Personal Cyber Insurance on its USA platform
81,https://www.prnewswire.com/news-releases/zurich-insurance-mene-une-levee-de-fonds-de-serie-b-pour-la-cyberassurance-mondiale-boxx-insurance-301735331.html,"31January, 2023",Boxx Insurance,Zurich Insurance mène une levée de fonds de série B pour la cyberassurance mondiale BOXX Insurance 
82,https://www.prnewswire.com/news-releases/zurich-insurance-fuhrt-serie-b-finanzierung-fur-globales-cyber-insurtech-unternehmen-boxx-insurance-an-301734912.html,"31January, 2023",Boxx Insurance,Zurich Insurance führt SERIE-B-Finanzierung für globales Cyber-InsurTech-Unternehmen BOXX Insurance an 
83,prnewswire.com/news-releases/zurich-insurance-lidera-la-recaudacion-de-fondos-serie-b-para-la-ciberinsurtech-global-boxx-insurance-301734907.html,"31January, 2023",Boxx Insurance,Zurich Insurance lidera la recaudación de fondos SERIE B para la ciberinsurtech global BOXX Insurance 
84,https://www.prnewswire.com/news-releases/zurich-insurance-lidera-la-recaudacion-de-fondos-de-la-serie-b-para-la-insurtech-global-boxx-insurance-886593543.html,"31January, 2023",Boxx Insurance,Zurich Insurance lidera la recaudación de fondos de la Serie B para la insurtech global BOXX Insurance 
85,https://www.prnewswire.com/news-releases/zurique-insurance-lidera-arrecadacao-de-fundos-de-serie-b-para-a-empresa-de-ciberseguranca-e-ciberseguros-boxx-insurance-876334024.html,"31January, 2023",Boxx Insurance,Zurique Insurance lidera arrecadação de fundos de Série B para a empresa de cibersegurança e ciberseguros BOXX Insurance 
86,https://www.prnewswire.com/news-releases/zurich-insurance-leads-series-b-fundraise-for-global-cyber-insurtech-boxx-insurance-301734080.html,"31January, 2023",Boxx Insurance,Zurich Insurance leads SERIES B fundraise for global cyber insurtech BOXX Insurance 
87,https://www.prnewswire.com/news-releases/zurich-insurance-leads-series-b-fundraise-for-global-cyber-insurtech-boxx-insurance-301733991.html,"31January, 2023",Boxx Insurance,Zurich Insurance leads SERIES B fundraise for global cyber insurtech BOXX Insurance 
88,https://www.prnewswire.com/news-releases/la-cyber-assurance-boxx-insurance-acquiert-la-societe-de-cybersecurite-basee-a-palo-alto-templarbit-301672077.html,"8November, 2022",Boxx Insurance,"La cyber-assurance BOXX Insurance acquiert la société de cybersécurité basée à Palo Alto, Templarbit "
89,https://www.prnewswire.com/news-releases/boxx-insurance-empresa-de-tecnologia-de-seguro-cibernetico-adquire-templarbit-empresa-de-inteligencia-de-ameacas-ciberneticas-com-sede-em-palo-alto-847097303.html,"8November, 2022",Boxx Insurance,"BOXX Insurance, empresa de tecnologia de seguro cibernético adquire Templarbit, empresa de inteligência de ameaças cibernéticas com sede em Palo Alto "
90,https://www.prnewswire.com/news-releases/la-insurtech-de-ciberseguros-boxx-insurance-adquiere-la-empresa-de-inteligencia-contra-ciberamenazas-con-sede-en-palo-alto-879691436.html,"8November, 2022",Boxx Insurance,La insurtech de ciberseguros BOXX Insurance adquiere la empresa de inteligencia contra ciberamenazas con sede en Palo Alto 
91,https://www.prnewswire.com/news-releases/cyber-insurtech-unternehmen-boxx-insurance-erwirbt-das-in-palo-alto-ansassige-unternehmen-fur-cyber-bedrohungsanalysen-templarbit-301671845.html,"8November, 2022",Boxx Insurance,Cyber-InsurTech-Unternehmen BOXX Insurance erwirbt das in Palo Alto ansässige Unternehmen für Cyber-Bedrohungsanalysen Templarbit English
92,https://www.prnewswire.com/news-releases/boxx-insurance-adquiere-templarbit-301671826.html,"8November, 2022",Boxx Insurance,BOXX Insurance adquiere Templarbit 
93,https://www.prnewswire.com/news-releases/cyber-insurtech-boxx-insurance-acquires-palo-alto-based-cyber-threat-intelligence-company-templarbit-301670822.html,"8November, 2022",Boxx Insurance,Cyber insurtech BOXX Insurance acquires Palo Alto-based cyber threat intelligence company Templarbit 
94,https://www.prnewswire.com/news-releases/cyber-insurtech-boxx-insurance-acquires-palo-alto-based-cyber-threat-intelligence-company-templarbit-301670726.html,"8November, 2022",Boxx Insurance,Cyber insurtech BOXX Insurance acquires Palo Alto-based cyber threat intelligence company Templarbit 
95,https://www.prnewswire.com/news-releases/boxx-insurance-refuerza-su-equipo-directivo-con-nombramientos-procedentes-de-paypal-y-deloitte-869468279.html,"25July, 2022",Boxx Insurance,BOXX Insurance refuerza su equipo directivo con nombramientos procedentes de Paypal y Deloitte 
96,https://www.prnewswire.com/news-releases/la-insurtech-de-ciberseguros-boxx-insurance-empodera-a-su-equipo-de-liderazgo-con-nombramientos-de-paypal-y-deloitte-881313044.html,"25July, 2022",Boxx Insurance,La insurtech de ciberseguros BOXX Insurance empodera a su equipo de liderazgo con nombramientos de Paypal y Deloitte 
97,https://www.prnewswire.com/news-releases/la-cyber-assurance-boxx-insurance-renforce-son-equipe-de-direction-avec-le-recrutement-de-cadres-venus-de-paypal-et-de-deloitte-820643963.html,"25July, 2022",Boxx Insurance,La cyber-assurance BOXX Insurance renforce son équipe de direction avec le recrutement de cadres venus de Paypal et de Deloitte 
98,https://www.prnewswire.com/news-releases/empresa-de-tecnologia-de-seguro-cibernetico-boxx-insurance-reforca-equipe-de-lideranca-com-nomeacoes-de-executivos-vindo-do-paypal-e-da-deloitte-841783424.html,"25July, 2022",Boxx Insurance,Empresa de tecnologia de seguro cibernético BOXX Insurance reforça equipe de liderança com nomeações de executivos vindo do Paypal e da Deloitte 
99,https://www.prnewswire.com/news-releases/das-cyber-versicherungsunternehmen-boxx-insurance-verstarkt-sein-fuhrungsteam-mit-ernennungen-aus-dem-umfeld-von-paypal-und-deloitte-855952540.html,"25July, 2022",Boxx Insurance,Das Cyber-Versicherungsunternehmen BOXX Insurance verstärkt sein Führungsteam mit Ernennungen aus dem Umfeld von Paypal und Deloitte 
100,https://www.prnewswire.com/in/news-releases/cyber-insurtech-boxx-insurance-supercharges-leadership-team-with-appointments-from-paypal-and-deloitte-832552327.html,"25July, 2022",Boxx Insurance,Cyber insurtech BOXX Insurance supercharges leadership team with appointments from Paypal and Deloitte 
101,https://www.prnewswire.com/news-releases/cyber-insurtech-boxx-insurance-supercharges-leadership-team-with-appointments-from-paypal-and-deloitte-301592053.html,"25July, 2022",Boxx Insurance,Cyber insurtech BOXX Insurance supercharges leadership team with appointments from Paypal and Deloitte 
102,https://www.prnewswire.com/news-releases/cyber-insurer-boxx-fills-gap-between-insurance-and-security-with-virtual-ciso-for-small-business-301533774.html,"27April, 2022",Boxx Insurance,Cyber insurer BOXX fills gap between insurance and security with Virtual CISO for Small Business
103,https://www.prnewswire.com/news-releases/cyber-insurtech-boxx-hires-beazley-leader-in-senior-insurance-role-301486016.html,"22February, 2022",Boxx Insurance,Cyber insurtech BOXX hires Beazley leader in senior insurance role
104,https://www.prnewswire.com/news-releases/boxx-insurance-partners-with-equifax-to-launch-us1m-id-theft-coverage-amidst-surging-cyber-safety-concerns-in-record-breaking-online-holiday-shopping-year-301438465.html,"7December, 2021",Boxx Insurance,BOXX Insurance partners with Equifax to launch US$1M ID Theft Coverage amidst surging cyber safety concerns in record-breaking online holiday-shopping year
105,https://www.prnewswire.com/news-releases/toronto-based-cyber-insurer-boxx-insurance-appoints-dominic-steptoe-as-global-chief-product-officer-301412317.html,"1November, 2021",Boxx Insurance,Toronto-Based Cyber Insurer BOXX Insurance Appoints Dominic Steptoe as Global Chief Product Officer
106,https://www.prnewswire.com/news-releases/cyber-insurer-boxx-insurance-and-cybersecurity-firm-asceris-announce-partnership-301402709.html,"19October, 2021",Boxx Insurance,Cyber insurer BOXX Insurance and cybersecurity firm Asceris announce partnership
107,https://www.prnewswire.com/news-releases/toronto-based-cyber-insurtech-boxx-insurance-expands-to-united-states-appoints-hilario-itriago-as-president-of-boxx-usa-301389448.html,"1October, 2021",Boxx Insurance,"Toronto-based cyber insurtech BOXX Insurance expands to United States, appoints Hilario Itriago as President of BOXX USA"
108,https://www.prnewswire.com/news-releases/intangic-mga-continues-growth-with-the-appointment-of-debbie-durkan-as-commercial-director-301801574.html,"19April, 2023",Intangic,Intangic MGA continues growth with the appointment of Debbie Durkan as Commercial Director
109,https://www.prnewswire.com/news-releases/intangic-mga-launches-innovative-cyber-parametric-policy-with-backing-from-axa-xl-301773906.html,"16March, 2023",Intangic,Intangic MGA launches innovative cyber parametric policy with backing from AXA XL
110,https://www.theinsurer.com/news/intangic-focus-on-cyber-cat-events-may-lead-to-insurance-blind-spots/,"25May, 2023",Intangic,Intangic: Focus on cyber cat events may lead to insurance “blind spots”
111,https://www.reinsurancene.ws/tag/intangic-mga/,"19June, 2023",Intangic,Intangic MGA unveils new early warning tool for predicting cyber breaches
112,https://www.insurancebusinessmag.com/uk/news/cyber/intangic-mga-announces-cyber-parametric-policy-439765.aspx,"17March, 2023",Intangic,Intangic MGA announces cyber parametric policy
113,https://fintech.global/2023/06/20/intangic-mga-revolutionises-cybersecurity-with-new-cyfi-dashboard/,"20June, 2023",Intangic,Intangic MGA revolutionises cybersecurity with new CyFi dashboard
114,https://www.captiveinsurancetimes.com/captiveinsurancenews/peoplemovesarticle.php?article_id=8374&navigationaction=peoplemovesnews&newssection=people,"21April, 2023",Intangic,Intangic MGA appoints Debbie Durkan as commercial director
115,https://insuranceday.maritimeintelligence.informa.com/ID1144235/Cyber-MGA-Intangic-will-write-war-and-state-backed-risks,06 Apr 2023,Intangic,Cyber MGA Intangic will write war and state-backed risks
116,https://www.prnewswire.com/news-releases/evolves-latest-vacation-rental-industry-trends-report-shows-possible-signs-of-shrinking-gap-between-supply-and-demand-301844318.html,07 Jun 2023,Evolve,EVOLVE'S LATEST VACATION RENTAL INDUSTRY TRENDS REPORT SHOWS POSSIBLE SIGNS OF SHRINKING GAP BETWEEN SUPPLY AND DEMAND
117,https://www.prnewswire.com/news-releases/evolve-unveils-latest-vacation-rental-industry-trends-report-301788507.html,03 Apr 2023,Evolve,EVOLVE UNVEILS LATEST VACATION RENTAL INDUSTRY TRENDS REPORT
118,https://www.prnewswire.com/news-releases/evolve-announces-partnership-with-homes--villas-by-marriott-bonvoy-to-offer-luxury-and-premium-rental-properties-301717426.html,"10January, 2023",Evolve,Evolve Announces Partnership with Homes & Villas by Marriott Bonvoy To Offer Luxury and Premium Rental Properties
119,https://www.prnewswire.com/news-releases/evolve-reveals-the-12-best-places-to-buy-a-vacation-rental-in-2023-301669876.html,"7November, 2022",Evolve,EVOLVE REVEALS THE 12 BEST PLACES TO BUY A VACATION RENTAL IN 2023
120,https://www.prnewswire.com/news-releases/evolve-fall-trends-report-economic-headwinds-plus-increasing-competition-mean-the-vacation-rental-landscape-is-quickly-changing-301663006.html,"31October, 2022",Evolve,EVOLVE FALL TRENDS REPORT: ECONOMIC HEADWINDS PLUS INCREASING COMPETITION MEAN THE VACATION RENTAL LANDSCAPE IS QUICKLY CHANGING
121,https://www.prnewswire.com/news-releases/could-the-fda-approved-semaglutide-be-the-key-to-chronic-weight-management-301659579.html,"26October, 2022",Evolve,Could The FDA-Approved Semaglutide Be the Key to Chronic Weight Management?
122,https://www.prnewswire.com/news-releases/evolve-announced-as-hoppers-largest-direct-vacation-rental-supplier-301613257.html,"29August, 2022",Evolve,Evolve Announced As Hopper's Largest Direct Vacation Rental Supplier
123,https://www.prnewswire.com/news-releases/evolves-in-depth-vacation-rental-industry-trends-summer-2022-report-examines-current-state-of-the-industry-301587702.html,"18July, 2022",Evolve,"EVOLVE'S IN-DEPTH ""VACATION RENTAL INDUSTRY TRENDS: SUMMER 2022"" REPORT EXAMINES CURRENT STATE OF THE INDUSTRY"
124,https://www.prnewswire.com/news-releases/evolve-offers-a-lifetime-of-travel-with-its-vacation-you-for-life-giveaway-301544708.html,"11May, 2022",Evolve,EVOLVE OFFERS A LIFETIME OF TRAVEL WITH ITS 'VACATION YOU FOR LIFE' GIVEAWAY
125,https://www.prnewswire.com/news-releases/evolve-sets-stage-for-strategic-growth-with-appointment-of-kaile-zagger-as-new-chief-executive-officer-301542683.html,"9May, 2022",Evolve,EVOLVE SETS STAGE FOR STRATEGIC GROWTH WITH APPOINTMENT OF KAILE ZAGGER AS NEW CHIEF EXECUTIVE OFFICER
126,https://www.prnewswire.com/news-releases/evolve-debuts-at-14-on-a16zs-marketplace-100-list-301531510.html,"25April, 2022",Evolve,EVOLVE DEBUTS AT #14 ON A16Z'S MARKETPLACE 100 LIST
127,https://www.prnewswire.com/news-releases/evolve-raises-100-million-to-continue-building-on-ramp-for-the-next-generation-of-vacation-rental-guests-and-owners-301481180.html,"14February, 2022",Evolve,EVOLVE RAISES $100 MILLION TO CONTINUE BUILDING ON-RAMP FOR THE NEXT GENERATION OF VACATION RENTAL GUESTS AND OWNERS
128,https://www.prnewswire.com/news-releases/evolves-new-risk-free-guarantee-builds-trust-for-vacation-rental-owners-301420316.html,"10November, 2021",Evolve,Evolve's New Risk-Free Guarantee Builds Trust For Vacation Rental Owners
129,https://www.prnewswire.com/news-releases/evolve-ranks-top-destinations-for-2022-vacation-rental-investment-301405946.html,"21October, 2021",Evolve,Evolve Ranks Top Destinations for 2022 Vacation Rental Investment
130,https://www.prnewswire.com/news-releases/evolves-2022-travel-trends-forecast-travel-returns--but-expectations-have-changed-301401609.html,"18October, 2021",Evolve,Evolve's 2022 Travel Trends Forecast: Travel Returns -- But Expectations Have Changed
131,https://www.prnewswire.com/news-releases/evolve-launches-building-hospitality-program-to-revitalize-communities-in-need-301323799.html,"1July, 2021",Evolve,Evolve Launches Building Hospitality Program To Revitalize Communities In Need
132,https://www.prnewswire.com/news-releases/evolve-expands-executive-team-cites-record-growth-301261525.html,"5April, 2021",Evolve,"Evolve Expands Executive Team, Cites Record Growth"
133,https://www.prnewswire.com/news-releases/evolve-announces-julius-mokrauer-as-managing-director-300950934.html,"4November, 2019",Evolve,Evolve Announces Julius Mokrauer as Managing Director
134,https://www.prnewswire.com/news-releases/evolve-vacation-rental-expands-leadership-team-300804163.html,"28February, 2019",Evolve,Evolve Vacation Rental Expands Leadership Team
135,https://www.prnewswire.com/news-releases/evolve-vacation-rental-network-acquires-everbooked-300736683.html,"24October, 2018",Evolve,Evolve Vacation Rental Network Acquires Everbooked
136,https://www.prnewswire.com/news-releases/evolve-mechanical-version-1-02-delivers-new-features-enhancements-300723453.html,"3October, 2018",Evolve,"eVolve Mechanical Version 1.02 Delivers New Features, Enhancements"
137,https://www.prnewswire.com/news-releases/evolve-vacation-rental-network-announces-80-million-in-new-funding-300701634.html,"23August, 2018",Evolve,Evolve Vacation Rental Network Announces $80 Million in New Funding
138,https://www.prnewswire.com/news-releases/evolve-vacation-rental-network-attracts-11-million-in-new-funding-to-fuel-growth-300466712.html,"1June, 2017",Evolve,Evolve Vacation Rental Network Attracts $11 Million in New Funding to Fuel Growth
139,https://www.prnewswire.com/news-releases/evolve-vacation-rental-network-secures-55-million-financing-led-by-t-rowe-price-300282163.html,"9June, 2016",Evolve,Evolve Vacation Rental Network Secures $5.5 Million Financing Led by T. Rowe Price
140,https://www.prnewswire.com/news-releases/new-coalition-launches-to-enhance-the-consumer-wireless-experience--encourage-mobile-innovation-300149788.html,"28September, 2015",Evolve,New Coalition Launches to Enhance the Consumer Wireless Experience & Encourage Mobile Innovation
141,https://www.prnewswire.com/news-releases/evolve-to-america-we-need-a-national-gun-safety-day-300099822.html,"16June, 2015",Evolve,Evolve to America: We Need a National Gun Safety Day
142,https://www.prnewswire.com/news-releases/evolve-launches-new-online-service-to-take-effort-expense-out-of-owning-a-vacation-rental-133438423.html,"8November, 2011",Evolve,"Evolve Launches New Online Service to Take Effort, Expense Out of Owning a Vacation Rental"
,,,Stoik,
143,https://www.reinsurancene.ws/tag/cogitanda/,"16August, 2023",Cogitanda ,COGITANDA names Jens Lison as Chief Insurance Officer
144,https://www.theinsurer.com/news/former-catlin-and-lsm-head-gerety-joins-cogitanda-as-chief-insurance-officer/,"24August, 2021",Cogitanda ,Former Catlin and LSM head Gerety joins Cogitanda as chief insurance officer
145,https://www.ots.at/presseaussendung/OTS_20230814_OTS0001/cogitanda-erweitert-vorstand-mit-jens-lison-als-group-chief-insurance-officer-cio-foto,"14August, 2023",Cogitanda ,COGITANDA expands its board of directors with Jens Lison as Group Chief Insurance Officer (CIO) (PHOTO)
146,https://www.cash-online.de/a/cogitanda-ernennt-matthias-tenderich-zum-chief-sales-markets-officer-642039/,"2February, 2023",Cogitanda ,Cogitanda appoints Matthias Tenderich as Chief Sales & Markets Officer
147,https://www.boerse-express.com/news/articles/ots-cogitanda-cogitanda-erweitert-vorstand-mit-jens-lison-als-group-chief--565742,"14August, 2023",Cogitanda ,OTS: COGITANDA / COGITANDA erweitert Vorstand mit Jens Lison als Group Chief ...
148,https://www.prnewswire.com/news-releases/cowbell-and-skyward-specialty-enter-strategic-partnership-to-expand-cyber--tech-eo-coverage-301838045.html,"31May, 2023",Cowbell,COWBELL AND SKYWARD SPECIALTY ENTER STRATEGIC PARTNERSHIP TO EXPAND CYBER & TECH E&O COVERAGE
149,https://www.prnewswire.com/news-releases/cowbell-bolsters-underwriting-leadership-ahead-of-the-uk-and-tech-eo-expansion-301832755.html,"24May, 2023",Cowbell,Cowbell Bolsters Underwriting Leadership Ahead of the UK and Tech E&O Expansion
150,https://www.prnewswire.com/news-releases/cowbell-appoints-industry-leader-andrea-collins-as-its-first-chief-marketing-officer-301825199.html,"16May, 2023",Cowbell,Cowbell Appoints Industry Leader Andrea Collins as Its First Chief Marketing Officer
151,https://www.prnewswire.com/news-releases/cowbell-releases-q2-2023-cyber-round-up-report-finds-90-of-small-business-leaders-underestimate-cyber-incident-costs-301821563.html,"11May, 2023",Cowbell,"Cowbell Releases Q2 2023 Cyber Round-Up Report, Finds 90% of Small Business Leaders Underestimate Cyber Incident Costs"
152,https://www.prnewswire.com/news-releases/cowbell-named-to-inc-magazines-2023-best-workplaces-list-301818823.html,"9May, 2023",Cowbell,Cowbell Named to Inc. Magazine's 2023 Best Workplaces List
153,https://www.prnewswire.com/news-releases/cowbell-named-winner-of-the-coveted-global-infosec-awards-301804599.html,"24April, 2023",Cowbell,Cowbell Named Winner of the Coveted Global InfoSec Awards
154,https://www.prnewswire.com/news-releases/cowbell-introduces-moogpt-powered-by-generative-ai-and-proprietary-data-301798484.html,"17April, 2023",Cowbell,Cowbell Introduces MooGPT™ powered by Generative AI and Proprietary Data
155,https://www.prnewswire.com/news-releases/cowbell-appoints-cyber-insurance-expert-simon-hughes-to-spearhead-uk-operations-301789102.html,"4April, 2023",Cowbell,Cowbell Appoints Cyber Insurance Expert Simon Hughes to Spearhead UK Operations
156,https://www.prnewswire.com/news-releases/cowbell-doubles-down-on-innovation-by-opening-india-technology-center-301777786.html,"21March, 2023",Cowbell,Cowbell Doubles Down on Innovation by Opening India Technology Center
157,https://www.prnewswire.com/news-releases/cowbell-365-elevates-policyholder-experience-with-cyber-claims-handling-and-risk-mitigation-301757699.html,"28February, 2023",Cowbell,Cowbell 365 Elevates Policyholder Experience with Cyber Claims Handling and Risk Mitigation
158,https://www.prnewswire.com/news-releases/cowbell-partners-with-millennial-shift-technologies-to-deliver-cowbell-prime-100-and-250-301733688.html,"1February, 2023",Cowbell,Cowbell Partners with Millennial Shift Technologies to Deliver Cowbell Prime 100 and 250
159,https://www.prnewswire.com/news-releases/cowbell-launches-cowbell-academy-new-elearning-center-dedicated-to-cyber-insurance-301729408.html,"25January, 2023",Cowbell,"Cowbell Launches ""Cowbell Academy"", New eLearning Center Dedicated to Cyber Insurance"
160,https://www.prnewswire.com/news-releases/cowbell-defines-approach-to-catastrophic-modeling-for-cyberattacks-on-smes-301717755.html,"11January, 2023",Cowbell,Cowbell Defines Approach to Catastrophic Modeling for Cyberattacks on SMEs
161,https://www.prnewswire.com/news-releases/cowbell-launches-cybersecurity-advisory-board-convening-experts-to-drive-cross-industry-innovation-301701476.html,"13December, 2022",Cowbell,"Cowbell Launches Cybersecurity Advisory Board, Convening Experts to Drive Cross-Industry Innovation"
162,https://www.prnewswire.com/news-releases/cowbell-announces-partnership-with-nordpass-equipping-policyholders-with-leading-password-management-solution-301695810.html,"6December, 2022",Cowbell,"Cowbell Announces Partnership with NordPass, Equipping Policyholders with Leading Password Management Solution"
163,https://www.prnewswire.com/news-releases/cowbell-adds-google-workspace-to-its-risk-rating-model-for-cyber-insurance-301672698.html,"9November, 2022",Cowbell,Cowbell adds Google Workspace to its Risk Rating Model for Cyber Insurance
164,https://www.prnewswire.com/news-releases/cowbell-hosts-inaugural-cyber-insurance-day-in-washington-dc-301663070.html,"31October, 2022",Cowbell,Cowbell Hosts Inaugural Cyber Insurance Day in Washington D.C.
165,https://www.prnewswire.com/news-releases/cowbell-appoints-david-junius-to-serve-as-first-chief-financial-officer-301648348.html,"13October, 2022",Cowbell,Cowbell Appoints David Junius to Serve as First Chief Financial Officer
166,https://www.prnewswire.com/news-releases/cowbells-continuously-monitored-risk-pool-reaches-30-million-smes-301645733.html,"11October, 2022",Cowbell,Cowbell's Continuously Monitored Risk Pool Reaches 30 Million SMEs
167,https://www.prnewswire.com/news-releases/cowbell-joins-the-small-business-digital-alliance-as-a-national-member-301639487.html,"4October, 2022",Cowbell,Cowbell joins the Small Business Digital Alliance as a National Member
168,https://www.prnewswire.com/news-releases/cowbell-unveils-adaptive-cyber-insurance-launches-cowbell-specialty-insurance-company-301629197.html,"21September, 2022",Cowbell,Cowbell Unveils Adaptive Cyber Insurance; Launches Cowbell Specialty Insurance Company
169,https://www.prnewswire.com/news-releases/cowbell-report-finds-policyholders-experience-significant-risk-improvement-upon-renewal-301624709.html,"15September, 2022",Cowbell,Cowbell Report Finds Policyholders Experience Significant Risk Improvement Upon Renewal
170,https://www.prnewswire.com/news-releases/cowbell-expands-api-based-quoting-to-flagship-cyber-insurance-offering-301620269.html,"8September, 2022",Cowbell,Cowbell Expands API-based quoting to Flagship Cyber Insurance Offering
171,https://www.prnewswire.com/news-releases/matthew-jones-joins-cowbell-as-chief-strategy-officer-sean-park-appointed-to-cowbell-board-of-directors-301615421.html,"1September, 2022",Cowbell,"Matthew Jones Joins Cowbell as Chief Strategy Officer, Sean Park appointed to Cowbell Board of Directors"
172,https://www.prnewswire.com/news-releases/cowbell-cyber-bolsters-insurance-leadership-with-addition-of-reinsurance-veteran-301606458.html,"16August, 2022",Cowbell,Cowbell Cyber Bolsters Insurance Leadership with Addition of Reinsurance Veteran
173,https://www.prnewswire.com/news-releases/cowbell-and-swiss-re-partner-to-offer-first-ever-cyber-insurance-program-dedicated-to-cloud-workloads-301604093.html,"11August, 2022",Cowbell,Cowbell and Swiss Re Partner to Offer First Ever Cyber Insurance Program Dedicated to Cloud Workloads
174,https://www.prnewswire.com/news-releases/cowbell-cyber-selected-as-trusted-digital-partner-for-cyber-insurance-by-amwins-301597337.html,"2August, 2022",Cowbell,Cowbell Cyber Selected as Trusted Digital Partner for Cyber Insurance by Amwins
175,https://www.prnewswire.com/news-releases/cowbell-doubles-underwriting-capacity-in-a-multi-year-program-agreement-with-palomar-301582073.html,"7July, 2022",Cowbell,Cowbell Doubles Underwriting Capacity in a Multi-Year Program Agreement with Palomar
176,https://www.prnewswire.com/news-releases/cowbell-cyber-releases-q2-cyber-round-up-report-301573034.html,"22June, 2022",Cowbell,Cowbell Cyber Releases Q2 Cyber Round-Up Report
177,https://www.prnewswire.com/news-releases/cowbell-cyber-named-to-the-2022-cb-insights-insurtech-50-list-of-most-innovative-insurtech-startups-301568427.html,"15June, 2022",Cowbell,Cowbell Cyber Named to the 2022 CB Insights Insurtech 50 List of Most Innovative Insurtech Startups
178,https://www.prnewswire.com/news-releases/cowbell-cyber-wins-global-infosecs-best-product-in-cyber-insurance-award-at-rsa-conference-2022-301561595.html,"6June, 2022",Cowbell,"Cowbell Cyber Wins Global Infosec's ""Best Product in Cyber Insurance"" Award at RSA Conference 2022"
179,https://www.prnewswire.com/news-releases/cowbell-cyber-unveils-cyber-risk-heatmap-to-improve-portfolio-risk-management-301554754.html,"25May, 2022",Cowbell,Cowbell Cyber Unveils Cyber Risk Heatmap to Improve Portfolio Risk Management
180,https://www.prnewswire.com/news-releases/cowbell-cyber-gets-ringing-endorsement-from-inc-magazines-annual-list-of-best-workplaces-for-2022-301543158.html,"10May, 2022",Cowbell,Cowbell Cyber Gets Ringing Endorsement From Inc. Magazine's Annual List of Best Workplaces for 2022
181,https://www.prnewswire.com/news-releases/cowbell-cyber-releases-free-cyber-insurance-for-dummies-book-301523669.html,"12April, 2022",Cowbell,"Cowbell Cyber Releases Free ""Cyber Insurance For Dummies"" Book"
182,prnewswire.com/news-releases/cowbell-cyber-report-finds-79-of-policyholders-believe-cyber-insurance-is-worth-the-cost-301519793.html,"7April, 2022",Cowbell,Cowbell Cyber Report Finds 79% of Policyholders Believe Cyber Insurance is Worth the Cost
183,https://www.prnewswire.com/news-releases/joshua-chan-joins-cowbell-cyber-as-chief-technology-officer-301508324.html,"23March, 2022",Cowbell,Joshua Chan Joins Cowbell Cyber as Chief Technology Officer
184,https://www.prnewswire.com/news-releases/cowbell-cyber-raises-100-million-in-series-b-funding-to-further-revolutionize-cyber-risk-underwriting-301502633.html,"15March, 2022",Cowbell,Cowbell Cyber Raises $100 Million in Series B Funding to Further Revolutionize Cyber Risk Underwriting
185,https://www.prnewswire.com/news-releases/cowbell-appoints-cyber-insurance-veteran-kara-owens-as-chief-insurance-officer-301492729.html,"1March, 2022",Cowbell,Cowbell Appoints Cyber Insurance Veteran Kara Owens as Chief Insurance Officer
186,https://www.prnewswire.com/news-releases/cowbell-cyber-partners-with-trend-micro-to-offer-improved-access-to-cyber-insurance-301489621.html,"24February, 2022",Cowbell,Cowbell Cyber Partners with Trend Micro to Offer Improved Access to Cyber Insurance
187,https://www.prnewswire.com/news-releases/smart-choice-selects-cowbell-cyber-as-preferred-partner-for-cyber-insurance-301486151.html,"22February, 2022",Cowbell,Smart Choice Selects Cowbell Cyber as Preferred Partner for Cyber Insurance
188,https://www.prnewswire.com/news-releases/cowbell-cyber-completes-soc-2-type-1-compliance-certification-301483562.html,"16February, 2022",Cowbell,Cowbell Cyber Completes SOC 2 Type 1 Compliance Certification
189,https://www.prnewswire.com/news-releases/cowbell-cyber-expands-actuarial-and-in-house-claims-functions-with-new-leadership-hires-301467566.html,"25January, 2022",Cowbell,Cowbell Cyber Expands Actuarial and In-House Claims Functions with New Leadership Hires
190,https://www.prnewswire.com/news-releases/cowbell-tackles-rising-demand-for-cyber-insurance-with-additional-capacity-from-captive-301459193.html,"12January, 2022",Cowbell,Cowbell Tackles Rising Demand for Cyber Insurance with Additional Capacity from Captive
191,https://www.prnewswire.com/news-releases/cowbell-cyber-executives-recognized-as-top-25-insurtech-executives-of-2021-301451563.html,"29December, 2021",Cowbell,Cowbell Cyber Executives Recognized as Top 25 InsurTech Executives of 2021
192,https://www.prnewswire.com/news-releases/cowbell-cyber-introduces-microsoft-secure-score-connector-to-improve-policyholders-cyber-risk-profile-301445265.html,"15December, 2021",Cowbell,Cowbell Cyber Introduces Microsoft Secure Score Connector to Improve Policyholders' Cyber Risk Profile
193,https://www.prnewswire.com/news-releases/cowbell-cyber-wins-2021-propertycasualty360-insurance-innovator-award-for-risk-management-301436592.html,"2December, 2021",Cowbell,Cowbell Cyber Wins 2021 PropertyCasualty360 Insurance Innovator Award for Risk Management
194,https://www.prnewswire.com/news-releases/cowbell-cyber-launches-the-cowbell-factors-podcast-301427948.html,"18November, 2021",Cowbell,Cowbell Cyber Launches The Cowbell Factors Podcast
195,https://www.prnewswire.com/news-releases/cowbell-cyber-releases-first-insurance-focused-risk-assessment-for-aws-customers-301425408.html,"16November, 2021",Cowbell,Cowbell Cyber Releases First Insurance-focused Risk Assessment for AWS Customers
196,https://www.prnewswire.com/news-releases/cowbell-cyber-introduces-insurance-industrys-first-risk-ratings-for-supply-chain-risks-301419825.html,"9November, 2021",Cowbell,Cowbell Cyber Introduces Insurance Industry's First Risk Ratings for Supply Chain Risks
197,https://www.prnewswire.com/news-releases/cowbell-cyber-partners-with-sayata-to-further-advance-cyber-insurance-digitization-301414003.html,"2November, 2021",Cowbell,Cowbell Cyber Partners with Sayata to Further Advance Cyber Insurance Digitization
198,https://www.prnewswire.com/news-releases/cowbell-cyber-accelerates-momentum-with-rapid-growth-in-customers-distribution-network-and-loss-prevention-301394053.html,"6October, 2021",Cowbell,"Cowbell Cyber Accelerates Momentum with Rapid Growth in Customers, Distribution Network and Loss Prevention"
199,https://www.prnewswire.com/news-releases/cowbell-cyber-named-to-the-2021-cb-insights-fintech-250-301393350.html,"5October, 2021",Cowbell,Cowbell Cyber Named to the 2021 CB Insights Fintech 250
200,https://www.prnewswire.com/news-releases/cowbell-cyber-further-unites-cybersecurity-and-cyber-insurance-with-connector-to-secureworks-taegis-vdr-301387650.html,"29September, 2021",Cowbell,Cowbell Cyber Further Unites Cybersecurity and Cyber Insurance with Connector to Secureworks® Taegis™ VDR
201,https://www.prnewswire.com/news-releases/cowbell-cyber-unites-cybersecurity-giants-and-cyber-insurance-industry-with-launch-of-cowbell-rx-301377409.html,"15September, 2021",Cowbell,Cowbell Cyber Unites Cybersecurity Giants and Cyber Insurance Industry with Launch of Cowbell Rx
202,https://www.prnewswire.com/news-releases/insurance-industry-veteran-joins-cowbell-cyber-301372277.html,"9September, 2021",Cowbell,Insurance Industry Veteran Joins Cowbell Cyber
203,https://www.prnewswire.com/news-releases/cowbell-cyber-delivers-industrys-first-distribution-apis-for-instant-cyber-insurance-quoting-and-policy-issuance-301361343.html,"24August, 2021",Cowbell,Cowbell Cyber Delivers Industry's First Distribution APIs For Instant Cyber Insurance Quoting and Policy Issuance
204,https://www.prnewswire.com/news-releases/cowbell-cyber-lands-top-10-rank-in-insurtech-insights-future50-americas-list-301334544.html,"15July, 2021",Cowbell,Cowbell Cyber Lands Top 10 Rank in Insurtech Insights' Future50 Americas List
205,https://www.prnewswire.com/news-releases/cowbell-cyber-extends-partner-program-to-managed-security-service-providers-mssp-301313542.html,"16June, 2021",Cowbell,Cowbell Cyber Extends Partner Program to Managed Security Service Providers (MSSP)
206,https://www.prnewswire.com/news-releases/cowbell-cyber-earns-2021-great-place-to-work-certification-301277925.html,"27April, 2021",Cowbell,Cowbell Cyber Earns 2021 Great Place to Work Certification™
207,https://www.prnewswire.com/news-releases/cowbell-cyber-now-admitted-in-state-of-new-york-301262888.html,"6April, 2021",Cowbell,Cowbell Cyber Now Admitted in State of New York
208,https://www.prnewswire.com/news-releases/cowbell-cyber-raises-20-million-in-series-a-funding-to-scale-ai-powered-cyber-insurance-offering-301245507.html,"11March, 2021",Cowbell,Cowbell Cyber Raises $20 Million In Series A Funding to Scale AI-Powered Cyber Insurance Offering
209,https://www.prnewswire.com/news-releases/cowbell-cyber-launches-partner-program-to-provide-policyholders-with-closed-loop-risk-management-301222276.html,"4February, 2021",Cowbell,Cowbell Cyber Launches Partner Program to Provide Policyholders with Closed-Loop Risk Management
210,https://www.prnewswire.com/news-releases/cowbell-cyber-adds-highly-anticipated-excess-cyber-insurance-line-301206325.html,"12January, 2021",Cowbell,Cowbell Cyber Adds Highly Anticipated Excess Cyber Insurance Line
211,https://www.prnewswire.com/news-releases/cowbell-cyber-teams-with-keystone-to-deliver-agents-innovative-cyber-coverages-301193682.html,"16December, 2020",Cowbell,Cowbell Cyber Teams with Keystone to Deliver Agents Innovative Cyber Coverages
212,https://www.prnewswire.com/news-releases/cowbell-cyber-now-delivers-admitted-standalone-cyber-insurance-in-31-states-301182638.html,"1December, 2020",Cowbell,"Cowbell Cyber Now Delivers Admitted, Standalone Cyber Insurance in 31 States"
213,https://www.prnewswire.com/news-releases/cowbell-cyber-partners-with-mylo-to-expedite-distribution-of-cyber-insurance-for-small-businesses-301167029.html,"5November, 2020",,Cowbell Cyber Partners with Mylo to Expedite Distribution of Cyber Insurance for Small Businesses
214,https://www.prnewswire.com/news-releases/cowbell-cyber-brings-essential-cyber-insurance-coverages-to-manufacturing-and-construction-301162907.html,"29October, 2020",,Cowbell Cyber Brings Essential Cyber Insurance Coverages to Manufacturing and Construction
215,https://www.prnewswire.com/news-releases/cowbell-cyber-poised-to-dominate-next-wave-of-cyber-insurance-with-prime-250-301136520.html,,,